TransactionID,CustomerID,AccountID,TransactionDate,TransactionType,Amount,Balance,Month,MonthNum,Year
TXN00001,CUST024,ACC1024,2023-07-01,Credit,10085.61,22082.19,July,7,2023
TXN00002,CUST045,ACC1045,2023-12-16,Debit,1163.9,7426.74,December,12,2023
TXN00003,CUST041,ACC1041,2023-03-29,Debit,10963.99,25741.74,March,3,2023
TXN00004,CUST011,ACC1011,2023-08-25,Credit,4122.22,18960.93,August,8,2023
TXN00005,CUST041,ACC1041,2023-12-19,Debit,3372.27,22369.47,December,12,2023
TXN00006,CUST021,ACC1021,2023-01-29,Credit,12344.86,53606.73,January,1,2023
TXN00007,CUST021,ACC1021,2023-07-25,Credit,1086.21,54692.94,July,7,2023
TXN00008,CUST037,ACC1037,2023-06-11,Credit,9866.04,52189.25,June,6,2023
TXN00009,CUST026,ACC1026,2023-11-26,Credit,2228.79,22375.54,November,11,2023
TXN00010,CUST009,ACC1009,2023-05-07,Debit,8464.39,15522.09,May,5,2023
TXN00011,CUST017,ACC1017,2023-10-27,Credit,13477.56,28397.39,October,10,2023
TXN00012,CUST026,ACC1026,2023-07-05,Credit,14960.15,37335.69,July,7,2023
TXN00013,CUST009,ACC1009,2023-09-18,Credit,1454.55,16976.64,September,9,2023
TXN00014,CUST004,ACC1004,2023-02-26,Credit,9448.95,24493.43,February,2,2023
TXN00015,CUST044,ACC1044,2023-08-05,Debit,1046.56,16975.9,August,8,2023
TXN00016,CUST025,ACC1025,2023-11-02,Credit,7983.8,56058.39,November,11,2023
TXN00017,CUST036,ACC1036,2023-01-06,Debit,10838.76,19003.07,January,1,2023
TXN00018,CUST044,ACC1044,2023-10-02,Credit,11552.12,28528.02,October,10,2023
TXN00019,CUST022,ACC1022,2023-02-27,Credit,6578.0,42994.27,February,2,2023
TXN00020,CUST030,ACC1030,2023-01-02,Debit,13150.21,19017.46,January,1,2023
TXN00021,CUST017,ACC1017,2023-09-14,Credit,7664.46,36061.85,September,9,2023
TXN00022,CUST007,ACC1007,2023-11-17,Credit,12640.87,57788.95,November,11,2023
TXN00023,CUST033,ACC1033,2023-11-08,Credit,2377.31,31507.57,November,11,2023
TXN00024,CUST049,ACC1049,2023-03-24,Debit,14307.15,19298.65,March,3,2023
TXN00025,CUST034,ACC1034,2023-01-01,Debit,4929.93,43860.28,January,1,2023
TXN00026,CUST002,ACC1002,2023-02-27,Credit,13192.96,19318.44,February,2,2023
TXN00027,CUST020,ACC1020,2023-05-03,Credit,3688.99,8981.43,May,5,2023
TXN00028,CUST037,ACC1037,2023-02-10,Credit,11005.42,63194.67,February,2,2023
TXN00029,CUST005,ACC1005,2023-09-30,Credit,2013.03,40154.23,September,9,2023
TXN00030,CUST031,ACC1031,2023-10-09,Credit,4049.34,45370.11,October,10,2023
TXN00031,CUST039,ACC1039,2023-08-05,Credit,13940.81,57717.62,August,8,2023
TXN00032,CUST049,ACC1049,2023-12-20,Credit,10722.94,30021.59,December,12,2023
TXN00033,CUST026,ACC1026,2023-12-10,Debit,5663.97,31671.72,December,12,2023
TXN00034,CUST034,ACC1034,2023-08-20,Credit,3793.79,47654.07,August,8,2023
TXN00035,CUST005,ACC1005,2023-06-23,Credit,8865.8,49020.03,June,6,2023
TXN00036,CUST015,ACC1015,2023-10-29,Credit,207.14,34451.94,October,10,2023
TXN00037,CUST046,ACC1046,2023-11-20,Credit,3511.23,18986.82,November,11,2023
TXN00038,CUST003,ACC1003,2023-06-19,Credit,7760.93,25137.25,June,6,2023
TXN00039,CUST018,ACC1018,2023-12-09,Credit,3292.13,34809.09,December,12,2023
TXN00040,CUST009,ACC1009,2023-10-20,Debit,7142.8,9833.84,October,10,2023
TXN00041,CUST031,ACC1031,2023-07-28,Credit,1505.45,46875.56,July,7,2023
TXN00042,CUST043,ACC1043,2023-08-09,Credit,6411.32,21666.74,August,8,2023
TXN00043,CUST030,ACC1030,2023-01-28,Debit,9836.49,9180.97,January,1,2023
TXN00044,CUST042,ACC1042,2023-02-20,Credit,6099.06,13161.16,February,2,2023
TXN00045,CUST022,ACC1022,2023-02-25,Credit,2954.69,45948.96,February,2,2023
TXN00046,CUST035,ACC1035,2023-08-18,Credit,6386.04,28420.09,August,8,2023
TXN00047,CUST018,ACC1018,2023-08-25,Credit,13129.84,47938.93,August,8,2023
TXN00048,CUST005,ACC1005,2023-08-15,Debit,1558.84,47461.19,August,8,2023
TXN00049,CUST042,ACC1042,2023-10-04,Credit,14538.04,27699.2,October,10,2023
TXN00050,CUST049,ACC1049,2023-05-02,Credit,6155.57,36177.16,May,5,2023
TXN00051,CUST031,ACC1031,2023-04-20,Credit,13546.4,60421.96,April,4,2023
TXN00052,CUST011,ACC1011,2023-07-14,Credit,14781.1,33742.03,July,7,2023
TXN00053,CUST017,ACC1017,2023-08-21,Credit,6402.81,42464.66,August,8,2023
TXN00054,CUST047,ACC1047,2023-10-12,Debit,10804.28,500.0,October,10,2023
TXN00055,CUST010,ACC1010,2023-04-08,Credit,3343.74,9684.61,April,4,2023
TXN00056,CUST004,ACC1004,2023-10-24,Debit,8178.71,16314.72,October,10,2023
TXN00057,CUST048,ACC1048,2023-06-10,Credit,847.12,18355.93,June,6,2023
TXN00058,CUST031,ACC1031,2023-09-15,Debit,2445.75,57976.21,September,9,2023
TXN00059,CUST033,ACC1033,2023-02-11,Credit,1120.97,32628.54,February,2,2023
TXN00060,CUST005,ACC1005,2023-12-12,Credit,6116.26,53577.45,December,12,2023
TXN00061,CUST037,ACC1037,2023-05-07,Debit,8958.34,54236.33,May,5,2023
TXN00062,CUST040,ACC1040,2023-02-11,Credit,9894.86,40875.71,February,2,2023
TXN00063,CUST037,ACC1037,2023-09-25,Credit,14027.12,68263.45,September,9,2023
TXN00064,CUST014,ACC1014,2023-12-09,Debit,4781.34,9166.35,December,12,2023
TXN00065,CUST017,ACC1017,2023-07-22,Credit,10108.18,52572.84,July,7,2023
TXN00066,CUST020,ACC1020,2023-08-23,Credit,13942.37,22923.8,August,8,2023
TXN00067,CUST005,ACC1005,2023-01-05,Credit,9355.27,62932.72,January,1,2023
TXN00068,CUST037,ACC1037,2023-02-21,Credit,8110.75,76374.2,February,2,2023
TXN00069,CUST033,ACC1033,2023-05-16,Credit,14005.56,46634.1,May,5,2023
TXN00070,CUST005,ACC1005,2023-05-06,Credit,4346.31,67279.03,May,5,2023
TXN00071,CUST029,ACC1029,2023-10-06,Debit,4607.51,38529.74,October,10,2023
TXN00072,CUST042,ACC1042,2023-09-28,Credit,10051.16,37750.36,September,9,2023
TXN00073,CUST036,ACC1036,2023-06-03,Debit,1643.44,17359.63,June,6,2023
TXN00074,CUST009,ACC1009,2023-05-16,Credit,13356.72,23190.56,May,5,2023
TXN00075,CUST048,ACC1048,2023-10-11,Credit,4157.99,22513.92,October,10,2023
TXN00076,CUST039,ACC1039,2023-04-18,Debit,5208.92,52508.7,April,4,2023
TXN00077,CUST044,ACC1044,2023-11-21,Credit,7630.59,36158.61,November,11,2023
TXN00078,CUST017,ACC1017,2023-01-27,Credit,9550.84,62123.68,January,1,2023
TXN00079,CUST018,ACC1018,2023-01-23,Credit,5069.99,53008.92,January,1,2023
TXN00080,CUST009,ACC1009,2023-11-23,Credit,2507.57,25698.13,November,11,2023
TXN00081,CUST029,ACC1029,2023-10-10,Debit,6472.54,32057.2,October,10,2023
TXN00082,CUST001,ACC1001,2023-02-27,Credit,14181.26,47955.47,February,2,2023
TXN00083,CUST045,ACC1045,2023-03-18,Debit,636.82,6789.92,March,3,2023
TXN00084,CUST024,ACC1024,2023-10-26,Debit,2306.6,19775.59,October,10,2023
TXN00085,CUST009,ACC1009,2023-01-22,Credit,5533.31,31231.44,January,1,2023
TXN00086,CUST003,ACC1003,2023-07-03,Credit,10262.79,35400.04,July,7,2023
TXN00087,CUST043,ACC1043,2023-02-22,Credit,11723.73,33390.47,February,2,2023
TXN00088,CUST027,ACC1027,2023-11-14,Debit,2402.84,6770.72,November,11,2023
TXN00089,CUST016,ACC1016,2023-03-25,Credit,13233.1,42755.47,March,3,2023
TXN00090,CUST002,ACC1002,2023-04-02,Debit,13874.86,5443.58,April,4,2023
TXN00091,CUST027,ACC1027,2023-12-09,Debit,12180.16,500.0,December,12,2023
TXN00092,CUST018,ACC1018,2023-03-23,Debit,1710.62,51298.3,March,3,2023
TXN00093,CUST003,ACC1003,2023-08-29,Credit,3073.64,38473.68,August,8,2023
TXN00094,CUST030,ACC1030,2023-06-29,Credit,12325.99,21506.96,June,6,2023
TXN00095,CUST015,ACC1015,2023-04-25,Credit,9934.49,44386.43,April,4,2023
TXN00096,CUST026,ACC1026,2023-06-18,Credit,12978.86,44650.58,June,6,2023
TXN00097,CUST050,ACC1050,2023-05-23,Credit,9658.08,31075.53,May,5,2023
TXN00098,CUST026,ACC1026,2023-12-14,Debit,5034.13,39616.45,December,12,2023
TXN00099,CUST002,ACC1002,2023-03-01,Credit,2760.66,8204.24,March,3,2023
TXN00100,CUST017,ACC1017,2023-01-20,Credit,8988.91,71112.59,January,1,2023
TXN00101,CUST023,ACC1023,2023-06-10,Credit,9132.51,29443.78,June,6,2023
TXN00102,CUST033,ACC1033,2023-03-01,Credit,13502.62,60136.72,March,3,2023
TXN00103,CUST013,ACC1013,2023-05-11,Credit,10660.9,16855.02,May,5,2023
TXN00104,CUST001,ACC1001,2023-09-24,Debit,10334.17,37621.3,September,9,2023
TXN00105,CUST048,ACC1048,2023-12-10,Credit,5526.9,28040.82,December,12,2023
TXN00106,CUST005,ACC1005,2023-12-07,Credit,9385.02,76664.05,December,12,2023
TXN00107,CUST043,ACC1043,2023-03-05,Debit,13510.7,19879.77,March,3,2023
TXN00108,CUST033,ACC1033,2023-06-08,Debit,6185.05,53951.67,June,6,2023
TXN00109,CUST026,ACC1026,2023-12-23,Credit,8360.75,47977.2,December,12,2023
TXN00110,CUST013,ACC1013,2023-08-04,Debit,14111.42,2743.6,August,8,2023
TXN00111,CUST044,ACC1044,2023-03-31,Debit,8579.67,27578.94,March,3,2023
TXN00112,CUST026,ACC1026,2023-10-08,Credit,4627.74,52604.94,October,10,2023
TXN00113,CUST014,ACC1014,2023-08-09,Debit,9139.26,500.0,August,8,2023
TXN00114,CUST021,ACC1021,2023-08-27,Credit,6688.18,61381.12,August,8,2023
TXN00115,CUST014,ACC1014,2023-09-19,Credit,11926.66,12426.66,September,9,2023
TXN00116,CUST048,ACC1048,2023-03-28,Debit,1363.45,26677.37,March,3,2023
TXN00117,CUST033,ACC1033,2023-12-06,Debit,9326.99,44624.68,December,12,2023
TXN00118,CUST006,ACC1006,2023-05-01,Debit,4725.25,30726.23,May,5,2023
TXN00119,CUST013,ACC1013,2023-03-17,Credit,788.58,3532.18,March,3,2023
TXN00120,CUST031,ACC1031,2023-11-09,Credit,6885.7,64861.91,November,11,2023
TXN00121,CUST041,ACC1041,2023-10-22,Credit,10803.35,33172.82,October,10,2023
TXN00122,CUST025,ACC1025,2023-09-11,Credit,3735.37,59793.76,September,9,2023
TXN00123,CUST042,ACC1042,2023-12-19,Credit,13400.63,51150.99,December,12,2023
TXN00124,CUST050,ACC1050,2023-02-24,Credit,3360.73,34436.26,February,2,2023
TXN00125,CUST045,ACC1045,2023-09-23,Credit,848.25,7638.17,September,9,2023
TXN00126,CUST016,ACC1016,2023-03-04,Credit,2086.75,44842.22,March,3,2023
TXN00127,CUST030,ACC1030,2023-12-08,Debit,14819.6,6687.36,December,12,2023
TXN00128,CUST039,ACC1039,2023-06-12,Credit,9228.52,61737.22,June,6,2023
TXN00129,CUST047,ACC1047,2023-09-16,Credit,12475.48,12975.48,September,9,2023
TXN00130,CUST036,ACC1036,2023-08-17,Credit,11180.47,28540.1,August,8,2023
TXN00131,CUST031,ACC1031,2023-08-19,Credit,11301.47,76163.38,August,8,2023
TXN00132,CUST041,ACC1041,2023-05-22,Debit,7320.5,25852.32,May,5,2023
TXN00133,CUST016,ACC1016,2023-05-21,Credit,1254.5,46096.72,May,5,2023
TXN00134,CUST019,ACC1019,2023-05-01,Credit,5104.13,46528.5,May,5,2023
TXN00135,CUST035,ACC1035,2023-02-11,Credit,2347.38,30767.47,February,2,2023
TXN00136,CUST025,ACC1025,2023-12-22,Credit,10625.65,70419.41,December,12,2023
TXN00137,CUST005,ACC1005,2023-08-01,Credit,5030.13,81694.18,August,8,2023
TXN00138,CUST030,ACC1030,2023-08-01,Credit,3181.83,9869.19,August,8,2023
TXN00139,CUST027,ACC1027,2023-07-19,Debit,14196.32,500.0,July,7,2023
TXN00140,CUST002,ACC1002,2023-10-22,Credit,7207.0,15411.24,October,10,2023
TXN00141,CUST023,ACC1023,2023-06-02,Credit,12816.37,42260.15,June,6,2023
TXN00142,CUST027,ACC1027,2023-10-03,Debit,11046.05,500.0,October,10,2023
TXN00143,CUST039,ACC1039,2023-04-23,Credit,3369.38,65106.6,April,4,2023
TXN00144,CUST028,ACC1028,2023-09-06,Credit,5893.97,15246.21,September,9,2023
TXN00145,CUST043,ACC1043,2023-12-14,Credit,10890.3,30770.07,December,12,2023
TXN00146,CUST030,ACC1030,2023-03-07,Debit,8058.44,1810.75,March,3,2023
TXN00147,CUST026,ACC1026,2023-10-31,Debit,9978.7,42626.24,October,10,2023
TXN00148,CUST006,ACC1006,2023-11-26,Credit,2121.92,32848.15,November,11,2023
TXN00149,CUST030,ACC1030,2023-04-04,Credit,3976.33,5787.08,April,4,2023
TXN00150,CUST021,ACC1021,2023-04-19,Credit,4970.0,66351.12,April,4,2023
TXN00151,CUST049,ACC1049,2023-07-14,Credit,11304.95,47482.11,July,7,2023
TXN00152,CUST027,ACC1027,2023-05-10,Credit,7107.57,7607.57,May,5,2023
TXN00153,CUST048,ACC1048,2023-10-04,Credit,14998.63,41676.0,October,10,2023
TXN00154,CUST023,ACC1023,2023-04-25,Debit,1122.41,41137.74,April,4,2023
TXN00155,CUST042,ACC1042,2023-01-21,Credit,14249.21,65400.2,January,1,2023
TXN00156,CUST013,ACC1013,2023-01-11,Debit,2370.5,1161.68,January,1,2023
TXN00157,CUST009,ACC1009,2023-08-31,Debit,1804.4,29427.04,August,8,2023
TXN00158,CUST014,ACC1014,2023-08-27,Debit,3918.03,8508.63,August,8,2023
TXN00159,CUST024,ACC1024,2023-03-27,Debit,9147.99,10627.6,March,3,2023
TXN00160,CUST048,ACC1048,2023-02-28,Credit,14474.34,56150.34,February,2,2023
TXN00161,CUST007,ACC1007,2023-10-24,Credit,13940.42,71729.37,October,10,2023
TXN00162,CUST037,ACC1037,2023-12-13,Credit,6010.15,82384.35,December,12,2023
TXN00163,CUST046,ACC1046,2023-04-12,Credit,8922.26,27909.08,April,4,2023
TXN00164,CUST041,ACC1041,2023-05-05,Credit,10488.18,36340.5,May,5,2023
TXN00165,CUST020,ACC1020,2023-12-17,Debit,12102.37,10821.43,December,12,2023
TXN00166,CUST037,ACC1037,2023-01-22,Credit,8037.9,90422.25,January,1,2023
TXN00167,CUST043,ACC1043,2023-07-09,Credit,7638.82,38408.89,July,7,2023
TXN00168,CUST022,ACC1022,2023-01-07,Credit,12352.73,58301.69,January,1,2023
TXN00169,CUST007,ACC1007,2023-08-10,Credit,9570.22,81299.59,August,8,2023
TXN00170,CUST030,ACC1030,2023-12-29,Credit,6588.76,12375.84,December,12,2023
TXN00171,CUST047,ACC1047,2023-09-25,Debit,4124.23,8851.25,September,9,2023
TXN00172,CUST035,ACC1035,2023-09-05,Credit,6590.06,37357.53,September,9,2023
TXN00173,CUST047,ACC1047,2023-10-31,Credit,4902.34,13753.59,October,10,2023
TXN00174,CUST016,ACC1016,2023-02-14,Credit,13236.3,59333.02,February,2,2023
TXN00175,CUST016,ACC1016,2023-08-26,Debit,9193.94,50139.08,August,8,2023
TXN00176,CUST025,ACC1025,2023-06-22,Credit,7465.17,77884.58,June,6,2023
TXN00177,CUST021,ACC1021,2023-04-04,Credit,3260.59,69611.71,April,4,2023
TXN00178,CUST017,ACC1017,2023-06-24,Credit,13216.77,84329.36,June,6,2023
TXN00179,CUST045,ACC1045,2023-05-22,Debit,251.25,7386.92,May,5,2023
TXN00180,CUST013,ACC1013,2023-02-13,Credit,10829.11,11990.79,February,2,2023
TXN00181,CUST032,ACC1032,2023-10-12,Credit,10390.08,48228.01,October,10,2023
TXN00182,CUST042,ACC1042,2023-12-31,Credit,6777.8,72178.0,December,12,2023
TXN00183,CUST002,ACC1002,2023-02-17,Credit,3401.79,18813.03,February,2,2023
TXN00184,CUST045,ACC1045,2023-05-05,Credit,9993.0,17379.92,May,5,2023
TXN00185,CUST024,ACC1024,2023-08-31,Debit,8010.74,2616.86,August,8,2023
TXN00186,CUST028,ACC1028,2023-10-09,Credit,5341.98,20588.19,October,10,2023
TXN00187,CUST030,ACC1030,2023-05-19,Credit,3845.91,16221.75,May,5,2023
TXN00188,CUST008,ACC1008,2023-04-09,Credit,1881.37,10793.62,April,4,2023
TXN00189,CUST035,ACC1035,2023-12-20,Credit,2953.96,40311.49,December,12,2023
TXN00190,CUST048,ACC1048,2023-09-05,Credit,10896.32,67046.66,September,9,2023
TXN00191,CUST049,ACC1049,2023-09-26,Debit,4316.68,43165.43,September,9,2023
TXN00192,CUST007,ACC1007,2023-04-10,Credit,3489.5,84789.09,April,4,2023
TXN00193,CUST012,ACC1012,2023-06-04,Credit,10649.48,38390.47,June,6,2023
TXN00194,CUST009,ACC1009,2023-05-21,Credit,14616.99,44044.03,May,5,2023
TXN00195,CUST036,ACC1036,2023-05-30,Debit,14166.94,14373.16,May,5,2023
TXN00196,CUST041,ACC1041,2023-09-09,Credit,13103.52,49444.02,September,9,2023
TXN00197,CUST037,ACC1037,2023-05-26,Credit,7232.84,97655.09,May,5,2023
TXN00198,CUST022,ACC1022,2023-04-05,Credit,3861.93,62163.62,April,4,2023
TXN00199,CUST031,ACC1031,2023-02-28,Credit,6070.54,82233.92,February,2,2023
TXN00200,CUST005,ACC1005,2023-10-23,Debit,10328.12,71366.06,October,10,2023
TXN00201,CUST010,ACC1010,2023-03-18,Debit,14241.97,500.0,March,3,2023
TXN00202,CUST006,ACC1006,2023-05-08,Credit,8415.29,41263.44,May,5,2023
TXN00203,CUST027,ACC1027,2023-11-07,Debit,11882.04,500.0,November,11,2023
TXN00204,CUST015,ACC1015,2023-09-25,Credit,6812.67,51199.1,September,9,2023
TXN00205,CUST029,ACC1029,2023-06-02,Debit,14851.47,17205.73,June,6,2023
TXN00206,CUST020,ACC1020,2023-10-19,Debit,997.43,9824.0,October,10,2023
TXN00207,CUST048,ACC1048,2023-02-20,Credit,9420.17,76466.83,February,2,2023
TXN00208,CUST017,ACC1017,2023-12-05,Credit,2440.15,86769.51,December,12,2023
TXN00209,CUST012,ACC1012,2023-10-10,Credit,2432.34,40822.81,October,10,2023
TXN00210,CUST027,ACC1027,2023-08-19,Debit,8947.79,500.0,August,8,2023
TXN00211,CUST019,ACC1019,2023-01-17,Credit,4392.76,50921.26,January,1,2023
TXN00212,CUST019,ACC1019,2023-12-26,Credit,1160.58,52081.84,December,12,2023
TXN00213,CUST015,ACC1015,2023-05-16,Debit,8887.86,42311.24,May,5,2023
TXN00214,CUST013,ACC1013,2023-08-06,Credit,8213.98,20204.77,August,8,2023
TXN00215,CUST042,ACC1042,2023-03-18,Credit,12416.8,84594.8,March,3,2023
TXN00216,CUST005,ACC1005,2023-01-31,Credit,11910.17,83276.23,January,1,2023
TXN00217,CUST039,ACC1039,2023-10-19,Credit,6643.39,71749.99,October,10,2023
TXN00218,CUST030,ACC1030,2023-12-19,Credit,10526.03,26747.78,December,12,2023
TXN00219,CUST018,ACC1018,2023-09-14,Debit,7457.55,43840.75,September,9,2023
TXN00220,CUST006,ACC1006,2023-11-03,Credit,13352.4,54615.84,November,11,2023
TXN00221,CUST048,ACC1048,2023-06-15,Debit,3830.48,72636.35,June,6,2023
TXN00222,CUST006,ACC1006,2023-04-28,Debit,12555.78,42060.06,April,4,2023
TXN00223,CUST037,ACC1037,2023-10-28,Credit,14993.63,112648.72,October,10,2023
TXN00224,CUST044,ACC1044,2023-05-18,Debit,699.45,26879.49,May,5,2023
TXN00225,CUST049,ACC1049,2023-03-31,Credit,7832.56,50997.99,March,3,2023
TXN00226,CUST029,ACC1029,2023-05-23,Credit,14954.49,32160.22,May,5,2023
TXN00227,CUST028,ACC1028,2023-11-22,Credit,14538.92,35127.11,November,11,2023
TXN00228,CUST031,ACC1031,2023-06-28,Credit,5066.3,87300.22,June,6,2023
TXN00229,CUST043,ACC1043,2023-02-23,Credit,5014.07,43422.96,February,2,2023
TXN00230,CUST045,ACC1045,2023-09-11,Credit,9972.49,27352.41,September,9,2023
TXN00231,CUST026,ACC1026,2023-10-09,Credit,6876.91,49503.15,October,10,2023
TXN00232,CUST021,ACC1021,2023-05-10,Credit,1827.23,71438.94,May,5,2023
TXN00233,CUST050,ACC1050,2023-07-26,Debit,12391.42,22044.84,July,7,2023
TXN00234,CUST001,ACC1001,2023-12-03,Debit,6983.45,30637.85,December,12,2023
TXN00235,CUST004,ACC1004,2023-04-07,Debit,5490.51,10824.21,April,4,2023
TXN00236,CUST049,ACC1049,2023-09-13,Debit,6686.41,44311.58,September,9,2023
TXN00237,CUST004,ACC1004,2023-04-15,Credit,8283.37,19107.58,April,4,2023
TXN00238,CUST019,ACC1019,2023-08-13,Debit,7322.21,44759.63,August,8,2023
TXN00239,CUST002,ACC1002,2023-11-19,Debit,12009.77,6803.26,November,11,2023
TXN00240,CUST046,ACC1046,2023-03-23,Credit,8307.5,36216.58,March,3,2023
TXN00241,CUST036,ACC1036,2023-07-28,Credit,3448.04,17821.2,July,7,2023
TXN00242,CUST008,ACC1008,2023-08-25,Credit,9750.87,20544.49,August,8,2023
TXN00243,CUST010,ACC1010,2023-09-13,Debit,4448.74,500.0,September,9,2023
TXN00244,CUST046,ACC1046,2023-05-20,Credit,12537.39,48753.97,May,5,2023
TXN00245,CUST031,ACC1031,2023-05-05,Credit,8313.85,95614.07,May,5,2023
TXN00246,CUST025,ACC1025,2023-04-08,Debit,7672.79,70211.79,April,4,2023
TXN00247,CUST009,ACC1009,2023-02-05,Credit,11612.86,55656.89,February,2,2023
TXN00248,CUST027,ACC1027,2023-06-24,Debit,4080.87,500.0,June,6,2023
TXN00249,CUST001,ACC1001,2023-05-25,Debit,4548.48,26089.37,May,5,2023
TXN00250,CUST038,ACC1038,2023-10-24,Debit,7395.64,25437.75,October,10,2023
TXN00251,CUST010,ACC1010,2023-08-17,Debit,7316.69,500.0,August,8,2023
TXN00252,CUST022,ACC1022,2023-10-10,Debit,5720.43,56443.19,October,10,2023
TXN00253,CUST021,ACC1021,2023-04-07,Debit,3658.2,67780.74,April,4,2023
TXN00254,CUST025,ACC1025,2023-04-30,Credit,750.34,70962.13,April,4,2023
TXN00255,CUST048,ACC1048,2023-08-31,Debit,13710.11,58926.24,August,8,2023
TXN00256,CUST025,ACC1025,2023-07-17,Debit,11906.67,59055.46,July,7,2023
TXN00257,CUST042,ACC1042,2023-03-19,Credit,14475.88,99070.68,March,3,2023
TXN00258,CUST009,ACC1009,2023-09-15,Debit,5046.72,50610.17,September,9,2023
TXN00259,CUST007,ACC1007,2023-08-14,Credit,7936.67,92725.76,August,8,2023
TXN00260,CUST030,ACC1030,2023-01-08,Debit,2247.92,24499.86,January,1,2023
TXN00261,CUST042,ACC1042,2023-03-21,Credit,7095.41,106166.09,March,3,2023
TXN00262,CUST017,ACC1017,2023-06-23,Debit,10421.3,76348.21,June,6,2023
TXN00263,CUST042,ACC1042,2023-02-11,Credit,12799.89,118965.98,February,2,2023
TXN00264,CUST035,ACC1035,2023-07-14,Credit,9439.31,49750.8,July,7,2023
TXN00265,CUST049,ACC1049,2023-09-07,Debit,634.9,43676.68,September,9,2023
TXN00266,CUST005,ACC1005,2023-05-01,Debit,10297.55,72978.68,May,5,2023
TXN00267,CUST019,ACC1019,2023-04-27,Debit,1446.65,43312.98,April,4,2023
TXN00268,CUST007,ACC1007,2023-11-21,Debit,13101.43,79624.33,November,11,2023
TXN00269,CUST029,ACC1029,2023-03-27,Debit,4562.04,27598.18,March,3,2023
TXN00270,CUST002,ACC1002,2023-01-24,Credit,11962.54,18765.8,January,1,2023
TXN00271,CUST019,ACC1019,2023-07-03,Credit,6517.23,49830.21,July,7,2023
TXN00272,CUST016,ACC1016,2023-09-29,Credit,8532.33,58671.41,September,9,2023
TXN00273,CUST012,ACC1012,2023-03-29,Credit,1276.63,42099.44,March,3,2023
TXN00274,CUST025,ACC1025,2023-11-14,Debit,3688.36,55367.1,November,11,2023
TXN00275,CUST038,ACC1038,2023-03-15,Credit,6971.13,32408.88,March,3,2023
TXN00276,CUST017,ACC1017,2023-08-24,Credit,10035.93,86384.14,August,8,2023
TXN00277,CUST030,ACC1030,2023-05-28,Debit,8244.31,16255.55,May,5,2023
TXN00278,CUST005,ACC1005,2023-08-15,Credit,14816.01,87794.69,August,8,2023
TXN00279,CUST020,ACC1020,2023-11-24,Credit,10385.67,20209.67,November,11,2023
TXN00280,CUST030,ACC1030,2023-06-04,Credit,14990.67,31246.22,June,6,2023
TXN00281,CUST031,ACC1031,2023-02-24,Credit,5782.33,101396.4,February,2,2023
TXN00282,CUST023,ACC1023,2023-10-22,Credit,14891.11,56028.85,October,10,2023
TXN00283,CUST019,ACC1019,2023-01-12,Debit,5997.51,43832.7,January,1,2023
TXN00284,CUST001,ACC1001,2023-10-17,Debit,11696.84,14392.53,October,10,2023
TXN00285,CUST004,ACC1004,2023-11-07,Debit,7501.24,11606.34,November,11,2023
TXN00286,CUST019,ACC1019,2023-04-28,Debit,12048.79,31783.91,April,4,2023
TXN00287,CUST015,ACC1015,2023-11-22,Credit,9351.28,51662.52,November,11,2023
TXN00288,CUST044,ACC1044,2023-12-04,Debit,12591.22,14288.27,December,12,2023
TXN00289,CUST041,ACC1041,2023-02-19,Debit,9730.48,39713.54,February,2,2023
TXN00290,CUST020,ACC1020,2023-08-14,Credit,8735.65,28945.32,August,8,2023
TXN00291,CUST047,ACC1047,2023-03-09,Credit,13653.45,27407.04,March,3,2023
TXN00292,CUST021,ACC1021,2023-08-01,Credit,3091.84,70872.58,August,8,2023
TXN00293,CUST035,ACC1035,2023-07-07,Debit,7576.74,42174.06,July,7,2023
TXN00294,CUST018,ACC1018,2023-03-26,Credit,13719.33,57560.08,March,3,2023
TXN00295,CUST031,ACC1031,2023-06-01,Debit,13068.91,88327.49,June,6,2023
TXN00296,CUST008,ACC1008,2023-08-28,Credit,2197.28,22741.77,August,8,2023
TXN00297,CUST015,ACC1015,2023-12-13,Debit,10148.65,41513.87,December,12,2023
TXN00298,CUST026,ACC1026,2023-10-13,Credit,1445.51,50948.66,October,10,2023
TXN00299,CUST026,ACC1026,2023-01-08,Credit,8094.93,59043.59,January,1,2023
TXN00300,CUST030,ACC1030,2023-07-08,Debit,11260.27,19985.95,July,7,2023
TXN00301,CUST017,ACC1017,2023-10-27,Credit,12354.02,98738.16,October,10,2023
TXN00302,CUST024,ACC1024,2023-02-25,Debit,3583.95,500.0,February,2,2023
TXN00303,CUST002,ACC1002,2023-11-14,Debit,4987.29,13778.51,November,11,2023
TXN00304,CUST040,ACC1040,2023-04-24,Debit,1041.93,39833.78,April,4,2023
TXN00305,CUST030,ACC1030,2023-12-25,Credit,9773.67,29759.62,December,12,2023
TXN00306,CUST008,ACC1008,2023-03-13,Credit,14199.3,36941.07,March,3,2023
TXN00307,CUST020,ACC1020,2023-09-10,Credit,1548.16,30493.48,September,9,2023
TXN00308,CUST035,ACC1035,2023-03-11,Credit,6859.29,49033.35,March,3,2023
TXN00309,CUST043,ACC1043,2023-12-23,Debit,6344.99,37077.97,December,12,2023
TXN00310,CUST048,ACC1048,2023-03-21,Credit,9858.34,68784.58,March,3,2023
TXN00311,CUST032,ACC1032,2023-11-12,Credit,14091.89,62319.9,November,11,2023
TXN00312,CUST018,ACC1018,2023-01-17,Debit,5620.9,51939.18,January,1,2023
TXN00313,CUST029,ACC1029,2023-08-16,Credit,12846.21,40444.39,August,8,2023
TXN00314,CUST007,ACC1007,2023-12-18,Credit,8212.54,87836.87,December,12,2023
TXN00315,CUST042,ACC1042,2023-07-03,Credit,6032.28,124998.26,July,7,2023
TXN00316,CUST013,ACC1013,2023-03-04,Credit,1465.93,21670.7,March,3,2023
TXN00317,CUST014,ACC1014,2023-11-25,Debit,8997.47,500.0,November,11,2023
TXN00318,CUST002,ACC1002,2023-01-26,Credit,3729.18,17507.69,January,1,2023
TXN00319,CUST009,ACC1009,2023-10-17,Credit,1122.29,51732.46,October,10,2023
TXN00320,CUST049,ACC1049,2023-10-11,Credit,8837.11,52513.79,October,10,2023
TXN00321,CUST015,ACC1015,2023-06-18,Credit,11850.79,53364.66,June,6,2023
TXN00322,CUST039,ACC1039,2023-01-02,Credit,12890.25,84640.24,January,1,2023
TXN00323,CUST010,ACC1010,2023-03-08,Debit,3834.75,500.0,March,3,2023
TXN00324,CUST012,ACC1012,2023-02-26,Debit,13010.07,29089.37,February,2,2023
TXN00325,CUST009,ACC1009,2023-01-08,Credit,11870.77,63603.23,January,1,2023
TXN00326,CUST016,ACC1016,2023-10-29,Credit,335.14,59006.55,October,10,2023
TXN00327,CUST017,ACC1017,2023-01-27,Credit,11151.6,109889.76,January,1,2023
TXN00328,CUST034,ACC1034,2023-02-28,Debit,1047.01,46607.06,February,2,2023
TXN00329,CUST029,ACC1029,2023-07-05,Debit,8945.62,31498.77,July,7,2023
TXN00330,CUST029,ACC1029,2023-09-15,Credit,14186.69,45685.46,September,9,2023
TXN00331,CUST003,ACC1003,2023-12-04,Debit,4594.29,33879.39,December,12,2023
TXN00332,CUST042,ACC1042,2023-01-16,Credit,14978.94,139977.2,January,1,2023
TXN00333,CUST026,ACC1026,2023-08-07,Debit,1708.63,57334.96,August,8,2023
TXN00334,CUST046,ACC1046,2023-08-16,Credit,13499.07,62253.04,August,8,2023
TXN00335,CUST021,ACC1021,2023-11-08,Credit,1078.67,71951.25,November,11,2023
TXN00336,CUST018,ACC1018,2023-11-16,Debit,8821.93,43117.25,November,11,2023
TXN00337,CUST046,ACC1046,2023-06-16,Credit,14919.95,77172.99,June,6,2023
TXN00338,CUST034,ACC1034,2023-05-31,Credit,7632.71,54239.77,May,5,2023
TXN00339,CUST028,ACC1028,2023-02-20,Debit,1804.77,33322.34,February,2,2023
TXN00340,CUST042,ACC1042,2023-11-30,Debit,10840.51,129136.69,November,11,2023
TXN00341,CUST014,ACC1014,2023-08-09,Credit,13332.56,13832.56,August,8,2023
TXN00342,CUST027,ACC1027,2023-06-23,Credit,6041.08,6541.08,June,6,2023
TXN00343,CUST047,ACC1047,2023-02-18,Credit,6458.78,33865.82,February,2,2023
TXN00344,CUST043,ACC1043,2023-05-11,Credit,14308.53,51386.5,May,5,2023
TXN00345,CUST044,ACC1044,2023-08-31,Credit,1459.25,15747.52,August,8,2023
TXN00346,CUST006,ACC1006,2023-02-17,Credit,1538.81,43598.87,February,2,2023
TXN00347,CUST048,ACC1048,2023-07-10,Credit,8389.92,77174.5,July,7,2023
TXN00348,CUST038,ACC1038,2023-10-15,Debit,5011.73,27397.15,October,10,2023
TXN00349,CUST008,ACC1008,2023-07-30,Credit,13116.75,50057.82,July,7,2023
TXN00350,CUST049,ACC1049,2023-08-05,Debit,866.55,51647.24,August,8,2023
TXN00351,CUST019,ACC1019,2023-11-04,Credit,5339.53,37123.44,November,11,2023
TXN00352,CUST037,ACC1037,2023-09-17,Credit,2405.48,115054.2,September,9,2023
TXN00353,CUST031,ACC1031,2023-04-25,Credit,5316.7,93644.19,April,4,2023
TXN00354,CUST036,ACC1036,2023-07-08,Credit,11462.82,29284.02,July,7,2023
TXN00355,CUST037,ACC1037,2023-04-26,Credit,12692.81,127747.01,April,4,2023
TXN00356,CUST050,ACC1050,2023-11-15,Debit,10157.15,11887.69,November,11,2023
TXN00357,CUST036,ACC1036,2023-01-14,Debit,13943.36,15340.66,January,1,2023
TXN00358,CUST045,ACC1045,2023-05-17,Credit,2788.2,30140.61,May,5,2023
TXN00359,CUST045,ACC1045,2023-06-08,Credit,5330.25,35470.86,June,6,2023
TXN00360,CUST012,ACC1012,2023-03-15,Debit,9894.44,19194.93,March,3,2023
TXN00361,CUST005,ACC1005,2023-03-14,Debit,9534.26,78260.43,March,3,2023
TXN00362,CUST002,ACC1002,2023-02-16,Debit,8004.19,9503.5,February,2,2023
TXN00363,CUST025,ACC1025,2023-08-03,Credit,5179.35,60546.45,August,8,2023
TXN00364,CUST024,ACC1024,2023-06-09,Debit,4933.31,500.0,June,6,2023
TXN00365,CUST037,ACC1037,2023-11-02,Credit,13261.8,141008.81,November,11,2023
TXN00366,CUST010,ACC1010,2023-03-22,Debit,841.46,500.0,March,3,2023
TXN00367,CUST006,ACC1006,2023-05-20,Credit,9962.89,53561.76,May,5,2023
TXN00368,CUST032,ACC1032,2023-11-07,Credit,6271.34,68591.24,November,11,2023
TXN00369,CUST014,ACC1014,2023-09-20,Credit,5243.08,19075.64,September,9,2023
TXN00370,CUST008,ACC1008,2023-05-26,Debit,10209.45,39848.37,May,5,2023
TXN00371,CUST032,ACC1032,2023-09-27,Debit,4695.45,63895.79,September,9,2023
TXN00372,CUST015,ACC1015,2023-07-22,Debit,916.25,52448.41,July,7,2023
TXN00373,CUST014,ACC1014,2023-06-04,Credit,11533.51,30609.15,June,6,2023
TXN00374,CUST049,ACC1049,2023-05-11,Credit,4989.02,56636.26,May,5,2023
TXN00375,CUST001,ACC1001,2023-09-12,Debit,6516.76,7875.77,September,9,2023
TXN00376,CUST009,ACC1009,2023-07-14,Debit,10584.7,53018.53,July,7,2023
TXN00377,CUST033,ACC1033,2023-10-14,Debit,12112.38,32512.3,October,10,2023
TXN00378,CUST005,ACC1005,2023-07-23,Debit,730.3,77530.13,July,7,2023
TXN00379,CUST002,ACC1002,2023-08-24,Credit,12945.44,22448.94,August,8,2023
TXN00380,CUST037,ACC1037,2023-08-08,Debit,6125.9,134882.91,August,8,2023
TXN00381,CUST041,ACC1041,2023-08-02,Credit,1816.08,41529.62,August,8,2023
TXN00382,CUST002,ACC1002,2023-06-16,Credit,12039.7,34488.64,June,6,2023
TXN00383,CUST040,ACC1040,2023-08-24,Debit,13804.57,26029.21,August,8,2023
TXN00384,CUST006,ACC1006,2023-08-12,Credit,3725.42,57287.18,August,8,2023
TXN00385,CUST038,ACC1038,2023-07-25,Debit,1271.84,26125.31,July,7,2023
TXN00386,CUST020,ACC1020,2023-06-23,Credit,5062.72,35556.2,June,6,2023
TXN00387,CUST011,ACC1011,2023-02-09,Debit,9535.05,24206.98,February,2,2023
TXN00388,CUST034,ACC1034,2023-09-19,Credit,13598.25,67838.02,September,9,2023
TXN00389,CUST023,ACC1023,2023-06-29,Debit,14377.53,41651.32,June,6,2023
TXN00390,CUST042,ACC1042,2023-03-17,Credit,1631.79,130768.48,March,3,2023
TXN00391,CUST017,ACC1017,2023-04-12,Credit,9075.74,118965.5,April,4,2023
TXN00392,CUST049,ACC1049,2023-12-02,Credit,2739.48,59375.74,December,12,2023
TXN00393,CUST050,ACC1050,2023-11-18,Credit,7012.9,18900.59,November,11,2023
TXN00394,CUST037,ACC1037,2023-10-24,Credit,10248.89,145131.8,October,10,2023
TXN00395,CUST037,ACC1037,2023-11-26,Debit,14799.33,130332.47,November,11,2023
TXN00396,CUST021,ACC1021,2023-11-18,Credit,2349.27,74300.52,November,11,2023
TXN00397,CUST005,ACC1005,2023-08-29,Credit,9507.64,87037.77,August,8,2023
TXN00398,CUST018,ACC1018,2023-10-30,Credit,5343.94,48461.19,October,10,2023
TXN00399,CUST005,ACC1005,2023-06-08,Credit,6833.52,93871.29,June,6,2023
TXN00400,CUST004,ACC1004,2023-07-08,Credit,1243.29,12849.63,July,7,2023
TXN00401,CUST006,ACC1006,2023-11-11,Debit,7655.31,49631.87,November,11,2023
TXN00402,CUST030,ACC1030,2023-10-25,Debit,14318.05,15441.57,October,10,2023
TXN00403,CUST048,ACC1048,2023-01-22,Credit,13644.84,90819.34,January,1,2023
TXN00404,CUST037,ACC1037,2023-11-30,Credit,4890.75,135223.22,November,11,2023
TXN00405,CUST031,ACC1031,2023-09-14,Credit,14370.06,108014.25,September,9,2023
TXN00406,CUST029,ACC1029,2023-02-22,Credit,14737.55,60423.01,February,2,2023
TXN00407,CUST006,ACC1006,2023-09-16,Debit,2671.13,46960.74,September,9,2023
TXN00408,CUST016,ACC1016,2023-12-29,Credit,14865.69,73872.24,December,12,2023
TXN00409,CUST034,ACC1034,2023-09-25,Debit,2465.32,65372.7,September,9,2023
TXN00410,CUST024,ACC1024,2023-05-25,Credit,6190.66,6690.66,May,5,2023
TXN00411,CUST022,ACC1022,2023-12-14,Debit,880.25,55562.94,December,12,2023
TXN00412,CUST041,ACC1041,2023-11-28,Credit,1082.09,42611.71,November,11,2023
TXN00413,CUST007,ACC1007,2023-10-13,Debit,5859.81,81977.06,October,10,2023
TXN00414,CUST017,ACC1017,2023-12-03,Debit,13111.87,105853.63,December,12,2023
TXN00415,CUST022,ACC1022,2023-02-11,Debit,9987.82,45575.12,February,2,2023
TXN00416,CUST023,ACC1023,2023-06-08,Debit,10507.35,31143.97,June,6,2023
TXN00417,CUST026,ACC1026,2023-03-08,Debit,10661.63,46673.33,March,3,2023
TXN00418,CUST006,ACC1006,2023-06-08,Debit,5712.52,41248.22,June,6,2023
TXN00419,CUST022,ACC1022,2023-03-07,Debit,10572.18,35002.94,March,3,2023
TXN00420,CUST048,ACC1048,2023-12-17,Debit,1492.45,89326.89,December,12,2023
TXN00421,CUST043,ACC1043,2023-08-05,Debit,5491.24,45895.26,August,8,2023
TXN00422,CUST024,ACC1024,2023-06-08,Credit,14272.42,20963.08,June,6,2023
TXN00423,CUST022,ACC1022,2023-09-06,Credit,3475.49,38478.43,September,9,2023
TXN00424,CUST009,ACC1009,2023-03-21,Credit,4507.3,57525.83,March,3,2023
TXN00425,CUST007,ACC1007,2023-09-17,Debit,12543.29,69433.77,September,9,2023
TXN00426,CUST034,ACC1034,2023-01-20,Debit,5117.79,60254.91,January,1,2023
TXN00427,CUST050,ACC1050,2023-11-13,Credit,8998.97,27899.56,November,11,2023
TXN00428,CUST010,ACC1010,2023-03-25,Credit,12487.04,12987.04,March,3,2023
TXN00429,CUST050,ACC1050,2023-11-16,Credit,10845.63,38745.19,November,11,2023
TXN00430,CUST003,ACC1003,2023-07-30,Credit,10177.81,44057.2,July,7,2023
TXN00431,CUST016,ACC1016,2023-08-16,Debit,4345.43,69526.81,August,8,2023
TXN00432,CUST048,ACC1048,2023-08-18,Credit,8056.77,97383.66,August,8,2023
TXN00433,CUST020,ACC1020,2023-08-29,Credit,5580.83,41137.03,August,8,2023
TXN00434,CUST037,ACC1037,2023-08-14,Credit,11564.63,146787.85,August,8,2023
TXN00435,CUST050,ACC1050,2023-07-15,Debit,7959.15,30786.04,July,7,2023
TXN00436,CUST011,ACC1011,2023-04-13,Debit,2162.14,22044.84,April,4,2023
TXN00437,CUST017,ACC1017,2023-01-27,Debit,7260.8,98592.83,January,1,2023
TXN00438,CUST024,ACC1024,2023-10-11,Credit,10699.87,31662.95,October,10,2023
TXN00439,CUST034,ACC1034,2023-03-05,Credit,1349.74,61604.65,March,3,2023
TXN00440,CUST011,ACC1011,2023-05-20,Credit,13589.06,35633.9,May,5,2023
TXN00441,CUST010,ACC1010,2023-08-12,Credit,14201.56,27188.6,August,8,2023
TXN00442,CUST015,ACC1015,2023-08-19,Credit,13964.03,66412.44,August,8,2023
TXN00443,CUST027,ACC1027,2023-01-28,Credit,7579.91,14120.99,January,1,2023
TXN00444,CUST016,ACC1016,2023-07-17,Credit,5686.2,75213.01,July,7,2023
TXN00445,CUST002,ACC1002,2023-06-13,Credit,12603.73,47092.37,June,6,2023
TXN00446,CUST042,ACC1042,2023-06-21,Credit,2150.23,132918.71,June,6,2023
TXN00447,CUST019,ACC1019,2023-08-30,Debit,12483.55,24639.89,August,8,2023
TXN00448,CUST049,ACC1049,2023-12-28,Credit,6784.16,66159.9,December,12,2023
TXN00449,CUST001,ACC1001,2023-02-10,Credit,3913.27,11789.04,February,2,2023
TXN00450,CUST010,ACC1010,2023-10-08,Debit,9172.31,18016.29,October,10,2023
TXN00451,CUST028,ACC1028,2023-02-26,Credit,3640.84,36963.18,February,2,2023
TXN00452,CUST008,ACC1008,2023-01-25,Credit,6355.4,46203.77,January,1,2023
TXN00453,CUST040,ACC1040,2023-08-23,Credit,1751.78,27780.99,August,8,2023
TXN00454,CUST032,ACC1032,2023-11-02,Debit,344.89,63550.9,November,11,2023
TXN00455,CUST033,ACC1033,2023-10-22,Credit,10806.31,43318.61,October,10,2023
TXN00456,CUST019,ACC1019,2023-08-08,Credit,9260.66,33900.55,August,8,2023
TXN00457,CUST016,ACC1016,2023-10-20,Credit,2890.98,78103.99,October,10,2023
TXN00458,CUST043,ACC1043,2023-02-13,Debit,14622.35,31272.91,February,2,2023
TXN00459,CUST005,ACC1005,2023-09-27,Debit,7659.18,86212.11,September,9,2023
TXN00460,CUST033,ACC1033,2023-10-11,Credit,5917.76,49236.37,October,10,2023
TXN00461,CUST031,ACC1031,2023-01-23,Debit,5864.53,102149.72,January,1,2023
TXN00462,CUST024,ACC1024,2023-05-10,Debit,342.01,31320.94,May,5,2023
TXN00463,CUST005,ACC1005,2023-06-26,Credit,11020.82,97232.93,June,6,2023
TXN00464,CUST041,ACC1041,2023-02-23,Debit,11054.29,31557.42,February,2,2023
TXN00465,CUST022,ACC1022,2023-03-10,Credit,5349.26,43827.69,March,3,2023
TXN00466,CUST022,ACC1022,2023-11-26,Credit,12472.72,56300.41,November,11,2023
TXN00467,CUST044,ACC1044,2023-08-26,Debit,7230.11,8517.41,August,8,2023
TXN00468,CUST012,ACC1012,2023-03-11,Credit,10769.07,29964.0,March,3,2023
TXN00469,CUST030,ACC1030,2023-01-19,Credit,3103.71,18545.28,January,1,2023
TXN00470,CUST013,ACC1013,2023-01-22,Credit,14007.23,35677.93,January,1,2023
TXN00471,CUST033,ACC1033,2023-07-23,Debit,7153.66,42082.71,July,7,2023
TXN00472,CUST003,ACC1003,2023-11-28,Credit,4363.05,48420.25,November,11,2023
TXN00473,CUST050,ACC1050,2023-01-25,Debit,5045.68,25740.36,January,1,2023
TXN00474,CUST008,ACC1008,2023-07-08,Credit,13353.35,59557.12,July,7,2023
TXN00475,CUST048,ACC1048,2023-08-14,Credit,5151.65,102535.31,August,8,2023
TXN00476,CUST012,ACC1012,2023-09-12,Debit,7513.1,22450.9,September,9,2023
TXN00477,CUST034,ACC1034,2023-05-17,Credit,10933.51,72538.16,May,5,2023
TXN00478,CUST006,ACC1006,2023-08-09,Debit,14926.96,26321.26,August,8,2023
TXN00479,CUST012,ACC1012,2023-10-07,Credit,4886.05,27336.95,October,10,2023
TXN00480,CUST006,ACC1006,2023-06-17,Debit,4505.04,21816.22,June,6,2023
TXN00481,CUST029,ACC1029,2023-11-05,Debit,6449.13,53973.88,November,11,2023
TXN00482,CUST045,ACC1045,2023-08-16,Credit,6762.23,42233.09,August,8,2023
TXN00483,CUST047,ACC1047,2023-06-30,Debit,14972.44,18893.38,June,6,2023
TXN00484,CUST018,ACC1018,2023-11-24,Credit,1218.11,49679.3,November,11,2023
TXN00485,CUST041,ACC1041,2023-07-27,Credit,7744.98,39302.4,July,7,2023
TXN00486,CUST048,ACC1048,2023-12-14,Credit,14296.56,116831.87,December,12,2023
TXN00487,CUST010,ACC1010,2023-11-08,Debit,11741.55,6274.74,November,11,2023
TXN00488,CUST003,ACC1003,2023-03-06,Credit,3616.33,52036.58,March,3,2023
TXN00489,CUST042,ACC1042,2023-07-07,Credit,5804.53,138723.24,July,7,2023
TXN00490,CUST037,ACC1037,2023-01-17,Debit,2386.23,144401.62,January,1,2023
TXN00491,CUST029,ACC1029,2023-07-09,Credit,6714.7,60688.58,July,7,2023
TXN00492,CUST005,ACC1005,2023-10-21,Credit,7988.95,105221.88,October,10,2023
TXN00493,CUST026,ACC1026,2023-06-10,Debit,4252.48,42420.85,June,6,2023
TXN00494,CUST008,ACC1008,2023-01-14,Debit,2872.12,56685.0,January,1,2023
TXN00495,CUST034,ACC1034,2023-07-18,Debit,1854.64,70683.52,July,7,2023
TXN00496,CUST050,ACC1050,2023-05-14,Debit,6749.47,18990.89,May,5,2023
TXN00497,CUST040,ACC1040,2023-05-27,Debit,13755.54,14025.45,May,5,2023
TXN00498,CUST032,ACC1032,2023-04-13,Credit,2122.35,65673.25,April,4,2023
TXN00499,CUST005,ACC1005,2023-08-20,Credit,13490.32,118712.2,August,8,2023
TXN00500,CUST029,ACC1029,2023-02-14,Debit,14516.66,46171.92,February,2,2023
